timestamp,pm10,pm25,co,no2,so2,o3
2026-07-31T00:00:00Z,40.6,16.0,114.0,2.5,2.4,53.0
2026-07-31T01:00:00Z,34.6,15.2,158.0,4.6,3.1,50.0
2026-07-31T02:00:00Z,35.5,16.1,218.0,7.4,4.0,45.0
2026-07-31T03:00:00Z,32.5,16.3,257.0,9.3,4.7,42.0
2026-07-31T04:00:00Z,31.1,15.8,252.0,9.2,4.9,41.0
2026-07-31T05:00:00Z,29.9,15.2,225.0,8.2,4.8,42.0
2026-07-31T06:00:00Z,29.5,15.0,203.0,7.4,4.7,42.0
2026-07-31T07:00:00Z,32.6,15.1,195.0,7.2,4.5,41.0
2026-07-31T08:00:00Z,29.0,14.0,191.0,7.1,4.2,40.0
2026-07-31T09:00:00Z,25.6,13.2,190.0,7.3,3.9,39.0
2026-07-31T10:00:00Z,25.4,12.7,193.0,7.9,3.8,38.0
2026-07-31T11:00:00Z,25.4,12.7,199.0,8.7,3.7,37.0
2026-07-31T12:00:00Z,30.0,14.1,199.0,8.1,3.5,36.0
2026-07-31T13:00:00Z,29.9,13.8,189.0,7.8,3.7,37.0
2026-07-31T14:00:00Z,28.9,13.6,174.0,7.3,4.1,37.0
2026-07-31T15:00:00Z,28.9,13.4,161.0,6.9,4.3,38.0
2026-07-31T16:00:00Z,28.2,13.4,154.0,6.6,4.4,38.0
2026-07-31T17:00:00Z,29.7,14.2,149.0,6.3,4.4,39.0
2026-07-31T18:00:00Z,32.5,15.0,142.0,5.8,4.2,39.0
2026-07-31T19:00:00Z,33.4,14.3,128.0,5.0,3.8,40.0
2026-07-31T20:00:00Z,34.8,14.4,113.0,4.1,3.3,41.0
2026-07-31T21:00:00Z,33.9,14.3,101.0,3.4,2.9,41.0
2026-07-31T22:00:00Z,32.0,13.9,95.0,3.1,2.7,40.0
2026-07-31T23:00:00Z,35.0,14.7,93.0,3.0,2.7,39.0
2026-08-01T00:00:00Z,37.1,15.3,100.0,3.8,3.5,38.0
2026-08-01T01:00:00Z,47.8,17.6,125.0,5.5,4.0,38.0
2026-08-01T02:00:00Z,39.8,16.8,160.0,7.9,4.7,38.0
2026-08-01T03:00:00Z,46.8,18.9,182.0,9.2,5.1,39.0
2026-08-01T04:00:00Z,42.4,18.9,178.0,8.5,5.0,40.0
2026-08-01T05:00:00Z,39.1,18.5,162.0,6.7,4.7,42.0
2026-08-01T06:00:00Z,38.2,17.2,151.0,5.3,4.4,45.0
2026-08-01T07:00:00Z,39.1,17.4,155.0,4.8,4.4,51.0
2026-08-01T08:00:00Z,37.7,17.4,164.0,4.6,4.5,59.0
2026-08-01T09:00:00Z,46.4,18.7,170.0,4.7,4.6,63.0
2026-08-01T10:00:00Z,40.9,17.8,168.0,5.3,4.6,60.0
2026-08-01T11:00:00Z,45.6,18.1,163.0,6.2,4.6,54.0
2026-08-01T12:00:00Z,42.8,17.9,160.0,8.9,4.0,47.0
2026-08-01T13:00:00Z,41.1,17.1,161.0,8.3,4.1,46.0
2026-08-01T14:00:00Z,43.4,17.8,164.0,7.5,4.2,44.0
2026-08-01T15:00:00Z,42.7,17.3,163.0,6.8,4.2,42.0
2026-08-01T16:00:00Z,50.4,18.4,157.0,6.4,4.2,41.0
2026-08-01T17:00:00Z,38.4,15.7,148.0,6.0,4.1,41.0
2026-08-01T18:00:00Z,35.0,14.9,137.0,5.6,4.0,41.0
2026-08-01T19:00:00Z,41.2,15.3,124.0,4.8,3.7,41.0
2026-08-01T20:00:00Z,39.5,15.8,109.0,3.9,3.2,42.0
2026-08-01T21:00:00Z,32.2,13.5,99.0,3.3,2.9,42.0
2026-08-01T22:00:00Z,31.1,13.2,94.0,3.0,2.7,42.0
2026-08-01T23:00:00Z,29.6,12.5,94.0,2.9,2.6,42.0
2026-08-02T00:00:00Z,29.4,12.2,102.0,3.0,2.6,43.0
2026-08-02T01:00:00Z,29.8,12.4,126.0,3.9,3.2,43.0
2026-08-02T02:00:00Z,33.4,13.4,158.0,5.1,3.9,44.0
2026-08-02T03:00:00Z,34.8,14.6,177.0,5.9,4.7,46.0
2026-08-02T04:00:00Z,33.5,14.9,169.0,5.8,5.4,52.0
2026-08-02T05:00:00Z,38.8,16.7,149.0,5.3,6.1,60.0
2026-08-02T06:00:00Z,38.9,17.4,133.0,4.8,6.5,66.0
2026-08-02T07:00:00Z,38.6,18.0,130.0,4.3,6.3,70.0
2026-08-02T08:00:00Z,39.0,18.9,132.0,3.8,5.7,73.0
2026-08-02T09:00:00Z,36.2,17.3,135.0,3.6,5.2,73.0
2026-08-02T10:00:00Z,34.7,16.1,137.0,3.9,4.8,68.0
2026-08-02T11:00:00Z,33.8,15.4,140.0,4.6,4.5,59.0
2026-08-02T12:00:00Z,49.7,21.5,147.0,5.4,3.9,49.0
2026-08-02T13:00:00Z,51.3,21.5,164.0,5.5,4.0,47.0
2026-08-02T14:00:00Z,46.7,19.4,185.0,5.6,4.1,45.0
2026-08-02T15:00:00Z,45.8,18.8,197.0,5.6,4.2,44.0
2026-08-02T16:00:00Z,48.5,18.5,194.0,5.4,4.2,44.0
2026-08-02T17:00:00Z,44.2,17.9,181.0,5.1,4.2,45.0
2026-08-02T18:00:00Z,41.3,16.6,166.0,4.8,4.1,46.0
2026-08-02T19:00:00Z,39.0,15.7,146.0,4.5,3.9,47.0
2026-08-02T20:00:00Z,34.7,14.3,123.0,4.2,3.5,47.0
2026-08-02T21:00:00Z,33.1,13.8,108.0,4.0,3.3,48.0
2026-08-02T22:00:00Z,31.1,13.5,100.0,3.7,3.1,49.0
2026-08-02T23:00:00Z,29.7,13.4,100.0,3.4,2.9,49.0
2026-08-03T00:00:00Z,38.8,16.1,125.0,3.3,3.0,55.0
2026-08-03T01:00:00Z,42.3,17.1,205.0,5.3,4.0,52.0
2026-08-03T02:00:00Z,47.4,18.6,309.0,8.1,5.3,49.0
2026-08-03T03:00:00Z,48.5,20.5,363.0,9.8,6.4,49.0
2026-08-03T04:00:00Z,47.5,21.8,316.0,9.6,7.0,54.0
2026-08-03T05:00:00Z,53.0,21.7,218.0,8.4,7.2,63.0
2026-08-03T06:00:00Z,52.9,21.8,145.0,7.2,7.3,70.0
2026-08-03T07:00:00Z,49.6,22.5,131.0,6.1,7.0,75.0
2026-08-03T08:00:00Z,43.9,21.0,142.0,5.1,6.4,78.0
2026-08-03T09:00:00Z,49.2,21.7,157.0,5.0,6.1,78.0
2026-08-03T10:00:00Z,46.0,21.4,170.0,6.6,6.4,72.0
2026-08-03T11:00:00Z,40.3,20.1,187.0,9.2,7.0,64.0
2026-08-03T12:00:00Z,38.0,18.2,204.0,6.0,4.3,57.0
2026-08-03T13:00:00Z,40.5,19.2,225.0,6.9,4.6,54.0
2026-08-03T14:00:00Z,41.4,19.7,247.0,8.1,5.0,51.0
2026-08-03T15:00:00Z,39.0,17.6,257.0,8.7,5.2,48.0
2026-08-03T16:00:00Z,35.3,16.1,245.0,8.3,5.2,48.0
2026-08-03T17:00:00Z,37.7,16.3,221.0,7.5,5.0,48.0
2026-08-03T18:00:00Z,37.7,16.1,197.0,6.6,4.8,49.0
2026-08-03T19:00:00Z,31.3,14.1,177.0,5.9,4.5,49.0
2026-08-03T20:00:00Z,43.5,16.6,158.0,5.2,4.2,50.0
2026-08-03T21:00:00Z,35.3,14.5,144.0,4.7,4.0,50.0
2026-08-03T22:00:00Z,30.2,13.0,136.0,4.4,3.9,50.0
2026-08-03T23:00:00Z,29.8,12.7,134.0,4.3,3.9,50.0
2026-08-04T00:00:00Z,31.5,14.2,143.0,3.9,3.3,49.0
2026-08-04T01:00:00Z,33.9,14.8,176.0,5.2,4.2,48.0
2026-08-04T02:00:00Z,40.2,16.8,221.0,7.0,5.4,48.0
2026-08-04T03:00:00Z,42.0,18.6,246.0,8.1,6.3,51.0
2026-08-04T04:00:00Z,45.2,19.4,230.0,7.7,6.7,60.0
2026-08-04T05:00:00Z,49.4,21.1,194.0,6.5,6.9,73.0
2026-08-04T06:00:00Z,49.8,22.8,167.0,5.5,6.9,82.0
2026-08-04T07:00:00Z,49.9,24.7,160.0,5.1,6.6,86.0
2026-08-04T08:00:00Z,46.9,23.2,163.0,4.9,6.1,86.0
2026-08-04T09:00:00Z,43.4,21.6,171.0,5.1,5.7,83.0
2026-08-04T10:00:00Z,41.1,20.7,184.0,6.1,5.6,76.0
2026-08-04T11:00:00Z,39.6,20.0,202.0,7.6,5.7,65.0
2026-08-04T12:00:00Z,41.4,18.0,221.0,8.4,4.8,49.0
2026-08-04T13:00:00Z,46.3,19.8,240.0,8.5,5.1,48.0
2026-08-04T14:00:00Z,47.8,20.1,259.0,8.6,5.4,48.0
2026-08-04T15:00:00Z,46.7,19.8,273.0,8.5,5.6,47.0
2026-08-04T16:00:00Z,44.6,19.2,282.0,8.1,5.6,47.0
2026-08-04T17:00:00Z,43.0,18.5,286.0,7.4,5.4,48.0
2026-08-04T18:00:00Z,44.5,18.2,275.0,6.8,5.1,48.0
2026-08-04T19:00:00Z,43.5,17.8,236.0,6.1,4.7,48.0
2026-08-04T20:00:00Z,42.3,17.2,182.0,5.5,4.3,48.0
2026-08-04T21:00:00Z,38.5,15.8,142.0,4.9,3.9,48.0
2026-08-04T22:00:00Z,35.0,14.7,120.0,4.5,3.7,48.0
2026-08-04T23:00:00Z,33.9,14.1,111.0,4.1,3.5,48.0
2026-08-05T00:00:00Z,38.1,14.6,129.0,3.6,3.2,49.0
2026-08-05T01:00:00Z,35.0,13.8,203.0,5.7,4.2,47.0
2026-08-05T02:00:00Z,32.6,14.2,303.0,8.4,5.5,46.0
2026-08-05T03:00:00Z,37.8,16.1,358.0,10.1,6.5,47.0
2026-08-05T04:00:00Z,35.3,15.7,321.0,9.5,6.9,55.0
2026-08-05T05:00:00Z,36.4,16.2,237.0,7.8,7.0,66.0
2026-08-05T06:00:00Z,37.8,17.7,172.0,6.4,7.0,75.0
2026-08-05T07:00:00Z,36.4,16.9,151.0,5.5,7.0,81.0
2026-08-05T08:00:00Z,33.6,16.1,149.0,4.8,6.8,85.0
2026-08-05T09:00:00Z,32.5,16.5,154.0,4.9,6.8,84.0
2026-08-05T10:00:00Z,33.5,16.9,165.0,6.6,7.0,76.0
2026-08-05T11:00:00Z,35.5,17.2,183.0,9.2,7.2,63.0
2026-08-05T12:00:00Z,41.9,17.8,203.0,9.5,6.3,53.0
2026-08-05T13:00:00Z,39.5,17.4,229.0,9.8,6.3,49.0
2026-08-05T14:00:00Z,38.5,16.9,257.0,10.2,6.3,44.0
2026-08-05T15:00:00Z,38.3,16.9,273.0,10.2,6.1,41.0
2026-08-05T16:00:00Z,35.9,15.9,269.0,9.4,5.8,40.0
2026-08-05T17:00:00Z,35.9,16.0,252.0,8.1,5.3,41.0
2026-08-05T18:00:00Z,39.3,16.7,229.0,6.9,4.8,42.0
2026-08-05T19:00:00Z,41.6,16.9,195.0,5.8,4.3,43.0
2026-08-05T20:00:00Z,43.2,17.3,154.0,4.8,3.8,43.0
2026-08-05T21:00:00Z,43.2,17.2,124.0,4.1,3.4,44.0
2026-08-05T22:00:00Z,43.8,17.3,112.0,3.8,3.3,44.0
2026-08-05T23:00:00Z,42.7,17.2,111.0,3.9,3.4,45.0
2026-08-06T00:00:00Z,45.4,17.9,121.0,4.5,4.0,45.0
2026-08-06T01:00:00Z,46.7,18.6,153.0,6.4,4.7,44.0
2026-08-06T02:00:00Z,47.7,19.2,197.0,8.8,5.6,43.0
2026-08-06T03:00:00Z,47.7,20.1,222.0,10.2,6.3,46.0
2026-08-06T04:00:00Z,45.8,19.5,211.0,9.3,6.7,55.0
2026-08-06T05:00:00Z,49.9,21.0,181.0,7.3,6.9,68.0
2026-08-06T06:00:00Z,47.0,20.7,158.0,5.8,6.9,77.0
2026-08-06T07:00:00Z,40.5,18.5,151.0,5.3,6.6,78.0
2026-08-06T08:00:00Z,36.9,17.3,151.0,5.3,6.1,75.0
2026-08-06T09:00:00Z,35.3,17.2,154.0,5.5,5.7,71.0
2026-08-06T10:00:00Z,35.3,17.3,161.0,6.1,5.6,67.0
2026-08-06T11:00:00Z,35.2,17.2,173.0,6.9,5.6,62.0
2026-08-06T12:00:00Z,44.5,19.4,183.0,7.2,4.1,52.0
2026-08-06T13:00:00Z,42.1,18.2,193.0,7.1,4.2,51.0
2026-08-06T14:00:00Z,41.1,17.5,203.0,6.9,4.3,49.0
2026-08-06T15:00:00Z,40.9,17.3,205.0,6.6,4.3,48.0
2026-08-06T16:00:00Z,40.2,16.9,196.0,6.1,4.2,47.0
2026-08-06T17:00:00Z,40.9,16.9,180.0,5.5,3.9,47.0
2026-08-06T18:00:00Z,36.9,15.6,163.0,4.8,3.6,47.0
2026-08-06T19:00:00Z,32.0,13.9,144.0,4.1,3.2,47.0
2026-08-06T20:00:00Z,30.5,13.4,123.0,3.3,2.7,47.0
2026-08-06T21:00:00Z,29.5,13.1,109.0,2.8,2.4,47.0
2026-08-06T22:00:00Z,27.9,12.6,102.0,2.6,2.3,46.0
2026-08-06T23:00:00Z,24.4,11.5,102.0,2.8,2.4,44.0
2026-08-07T00:00:00Z,24.3,11.2,114.0,2.8,2.3,44.0
2026-08-07T01:00:00Z,24.8,11.3,151.0,4.1,3.0,42.0
2026-08-07T02:00:00Z,25.2,11.8,201.0,5.9,3.9,41.0
2026-08-07T03:00:00Z,24.8,12.1,228.0,7.1,4.7,42.0
2026-08-07T04:00:00Z,25.6,12.4,212.0,6.9,5.3,50.0
2026-08-07T05:00:00Z,26.9,13.6,173.0,6.1,5.8,60.0
2026-08-07T06:00:00Z,31.1,16.1,144.0,5.5,6.1,68.0
2026-08-07T07:00:00Z,28.6,14.8,136.0,5.3,6.1,70.0
2026-08-07T08:00:00Z,28.2,15.0,138.0,5.3,5.8,69.0
2026-08-07T09:00:00Z,27.6,15.4,144.0,5.4,5.5,66.0
2026-08-07T10:00:00Z,26.9,15.0,155.0,5.8,5.3,61.0
2026-08-07T11:00:00Z,28.1,15.4,171.0,6.5,5.0,54.0
2026-08-07T12:00:00Z,42.8,19.4,186.0,6.5,3.8,45.0
2026-08-07T13:00:00Z,40.5,18.7,200.0,6.7,3.9,43.0
2026-08-07T14:00:00Z,38.6,18.2,214.0,7.0,4.1,41.0
2026-08-07T15:00:00Z,37.3,17.5,218.0,7.0,4.2,39.0
2026-08-07T16:00:00Z,37.5,17.2,208.0,6.6,4.1,38.0
2026-08-07T17:00:00Z,36.6,16.5,190.0,6.0,4.0,38.0
2026-08-07T18:00:00Z,33.5,15.5,170.0,5.4,3.8,38.0
2026-08-07T19:00:00Z,32.9,14.8,148.0,4.6,3.5,39.0
2026-08-07T20:00:00Z,30.5,13.7,125.0,3.8,3.1,39.0
2026-08-07T21:00:00Z,30.0,13.4,108.0,3.3,2.9,40.0
2026-08-07T22:00:00Z,29.9,13.2,99.0,3.1,2.8,40.0
2026-08-07T23:00:00Z,27.5,12.5,96.0,3.2,2.8,39.0
2026-08-08T00:00:00Z,30.9,13.0,109.0,3.4,2.6,40.0
2026-08-08T01:00:00Z,32.1,13.6,152.0,4.5,3.1,39.0
2026-08-08T02:00:00Z,33.4,14.1,211.0,6.0,3.7,39.0
2026-08-08T03:00:00Z,33.8,14.6,243.0,6.8,4.3,41.0
2026-08-08T04:00:00Z,34.3,15.3,223.0,6.3,4.7,49.0
2026-08-08T05:00:00Z,33.4,15.3,178.0,5.0,4.9,61.0
2026-08-08T06:00:00Z,32.2,15.5,144.0,4.2,5.1,70.0
2026-08-08T07:00:00Z,32.9,16.1,138.0,4.1,5.2,75.0
2026-08-08T08:00:00Z,34.5,17.1,143.0,4.4,5.3,78.0
2026-08-08T09:00:00Z,34.0,17.3,152.0,5.0,5.3,78.0
2026-08-08T10:00:00Z,32.1,16.5,161.0,6.1,5.3,72.0
2026-08-08T11:00:00Z,31.0,16.1,173.0,7.6,5.3,63.0
2026-08-08T12:00:00Z,40.7,18.0,190.0,6.4,3.4,45.0
2026-08-08T13:00:00Z,34.1,16.0,221.0,7.1,3.8,43.0
2026-08-08T14:00:00Z,29.3,14.7,258.0,8.0,4.4,40.0
2026-08-08T15:00:00Z,26.5,13.6,277.0,8.5,4.7,38.0
2026-08-08T16:00:00Z,25.9,12.6,264.0,8.2,4.7,38.0
2026-08-08T17:00:00Z,23.4,11.7,233.0,7.5,4.4,39.0
2026-08-08T18:00:00Z,22.3,10.9,200.0,6.6,4.1,40.0
2026-08-08T19:00:00Z,20.5,10.1,167.0,5.6,3.7,41.0
2026-08-08T20:00:00Z,21.5,10.1,132.0,4.5,3.2,42.0
2026-08-08T21:00:00Z,21.7,9.8,108.0,3.7,2.9,43.0
2026-08-08T22:00:00Z,22.9,10.2,101.0,3.4,2.8,44.0
2026-08-08T23:00:00Z,26.0,10.9,105.0,3.5,2.9,44.0
2026-08-09T00:00:00Z,29.0,11.8,116.0,3.2,2.7,45.0
2026-08-09T01:00:00Z,30.9,12.7,136.0,3.9,3.2,45.0
2026-08-09T02:00:00Z,34.8,14.7,163.0,4.7,3.9,45.0
2026-08-09T03:00:00Z,37.0,15.8,181.0,5.2,4.5,47.0
2026-08-09T04:00:00Z,37.5,16.5,182.0,4.8,4.9,54.0
2026-08-09T05:00:00Z,38.3,17.1,174.0,3.9,5.1,64.0
2026-08-09T06:00:00Z,35.0,16.8,164.0,3.3,5.3,72.0
2026-08-09T07:00:00Z,37.0,17.7,150.0,3.3,5.3,76.0
2026-08-09T08:00:00Z,32.7,16.2,134.0,3.6,5.2,78.0
2026-08-09T09:00:00Z,29.7,15.5,126.0,4.1,5.2,77.0
2026-08-09T10:00:00Z,26.5,14.1,130.0,5.1,5.5,73.0
2026-08-09T11:00:00Z,29.6,15.3,142.0,6.3,6.0,66.0
2026-08-09T12:00:00Z,30.7,14.7,158.0,4.6,3.8,50.0
2026-08-09T13:00:00Z,29.6,14.5,183.0,5.4,4.0,47.0
2026-08-09T14:00:00Z,31.1,15.8,213.0,6.4,4.4,42.0
2026-08-09T15:00:00Z,32.4,16.2,229.0,7.1,4.6,39.0
2026-08-09T16:00:00Z,32.7,16.5,221.0,7.2,4.7,38.0
2026-08-09T17:00:00Z,33.3,16.4,200.0,6.8,4.7,39.0
2026-08-09T18:00:00Z,33.3,16.0,177.0,6.4,4.6,40.0
2026-08-09T19:00:00Z,32.9,15.0,153.0,5.8,4.3,41.0
2026-08-09T20:00:00Z,30.7,14.1,128.0,5.0,3.9,42.0
2026-08-09T21:00:00Z,29.6,13.2,111.0,4.4,3.6,42.0
2026-08-09T22:00:00Z,32.4,13.4,100.0,4.0,3.4,42.0
2026-08-09T23:00:00Z,29.8,12.6,97.0,3.8,3.3,41.0
2026-08-10T00:00:00Z,32.7,13.0,115.0,3.7,3.0,42.0
2026-08-10T01:00:00Z,36.7,14.1,179.0,5.2,3.9,41.0
2026-08-10T02:00:00Z,35.2,14.5,263.0,7.3,5.2,40.0
2026-08-10T03:00:00Z,32.4,14.5,311.0,8.5,6.1,42.0
2026-08-10T04:00:00Z,32.7,15.1,285.0,8.0,6.4,51.0
2026-08-10T05:00:00Z,33.1,15.5,222.0,6.6,6.5,65.0
2026-08-10T06:00:00Z,35.7,16.9,171.0,5.5,6.4,74.0
2026-08-10T07:00:00Z,38.8,17.8,152.0,4.8,6.2,77.0
2026-08-10T08:00:00Z,36.9,16.6,146.0,4.3,5.9,77.0
2026-08-10T09:00:00Z,32.7,16.1,146.0,4.4,5.6,74.0
2026-08-10T10:00:00Z,32.8,16.5,153.0,5.4,5.2,66.0
2026-08-10T11:00:00Z,31.2,15.9,166.0,7.0,4.8,56.0
2026-08-10T12:00:00Z,39.0,18.0,182.0,6.8,3.8,44.0
2026-08-10T13:00:00Z,38.3,17.9,204.0,7.8,4.4,43.0
2026-08-10T14:00:00Z,37.1,18.1,228.0,9.2,5.2,41.0
2026-08-10T15:00:00Z,42.7,19.2,241.0,10.1,5.9,39.0
2026-08-10T16:00:00Z,42.3,19.0,235.0,10.2,6.2,38.0
2026-08-10T17:00:00Z,40.5,19.1,217.0,9.9,6.3,37.0
2026-08-10T18:00:00Z,39.9,19.0,196.0,9.5,6.3,37.0
2026-08-10T19:00:00Z,38.8,18.6,169.0,9.1,6.2,37.0
2026-08-10T20:00:00Z,36.2,17.4,139.0,8.5,6.0,37.0
2026-08-10T21:00:00Z,34.3,16.6,117.0,7.9,5.7,37.0
2026-08-10T22:00:00Z,32.1,15.5,104.0,7.0,5.3,38.0
2026-08-10T23:00:00Z,34.8,15.9,100.0,6.0,4.8,39.0
2026-08-11T00:00:00Z,30.0,13.9,119.0,4.9,3.6,42.0
2026-08-11T01:00:00Z,31.0,14.4,182.0,6.0,4.5,43.0
2026-08-11T02:00:00Z,33.4,15.6,268.0,7.4,5.6,45.0
2026-08-11T03:00:00Z,36.3,17.0,324.0,8.3,6.5,48.0
2026-08-11T04:00:00Z,37.3,17.0,326.0,8.3,6.8,53.0
2026-08-11T05:00:00Z,38.0,17.6,298.0,7.7,6.8,60.0
2026-08-11T06:00:00Z,36.8,17.3,267.0,7.1,6.6,64.0
2026-08-11T07:00:00Z,34.5,16.0,233.0,6.2,6.1,65.0
2026-08-11T08:00:00Z,34.8,15.7,195.0,5.3,5.5,64.0
2026-08-11T09:00:00Z,36.4,15.4,178.0,5.1,5.1,62.0
2026-08-11T10:00:00Z,37.4,16.5,198.0,6.4,5.3,58.0
2026-08-11T11:00:00Z,38.9,17.1,239.0,8.6,5.8,52.0
2026-08-11T12:00:00Z,38.8,16.3,270.0,8.8,3.8,42.0
2026-08-11T13:00:00Z,35.4,16.1,282.0,8.9,4.3,43.0
2026-08-11T14:00:00Z,34.5,15.8,285.0,9.0,4.9,43.0
2026-08-11T15:00:00Z,34.1,15.6,280.0,8.9,5.3,44.0
2026-08-11T16:00:00Z,34.2,15.2,267.0,8.3,5.3,44.0
2026-08-11T17:00:00Z,31.8,14.3,247.0,7.4,5.0,44.0
2026-08-11T18:00:00Z,31.9,14.2,222.0,6.5,4.6,44.0
2026-08-11T19:00:00Z,31.7,13.9,187.0,5.6,4.1,45.0
2026-08-11T20:00:00Z,32.1,13.7,147.0,4.7,3.5,45.0
2026-08-11T21:00:00Z,30.9,13.1,118.0,4.1,3.2,46.0
2026-08-11T22:00:00Z,29.9,13.0,98.0,4.1,3.4,46.0
2026-08-11T23:00:00Z,32.1,13.6,90.0,4.4,3.8,45.0
2026-08-12T00:00:00Z,37.7,14.2,114.0,3.8,3.2,48.0
2026-08-12T01:00:00Z,36.4,14.1,209.0,5.7,4.2,46.0
2026-08-12T02:00:00Z,34.7,14.3,336.0,8.2,5.5,45.0
2026-08-12T03:00:00Z,36.1,15.9,405.0,9.7,6.5,46.0
2026-08-12T04:00:00Z,39.2,16.8,354.0,8.9,6.9,54.0
2026-08-12T05:00:00Z,37.5,16.8,244.0,7.0,7.0,66.0
2026-08-12T06:00:00Z,35.9,17.9,164.0,5.8,6.9,74.0
2026-08-12T07:00:00Z,34.1,17.0,152.0,6.0,6.5,74.0
2026-08-12T08:00:00Z,33.3,15.9,171.0,6.9,5.9,71.0
2026-08-12T09:00:00Z,31.0,15.8,191.0,7.7,5.5,66.0
2026-08-12T10:00:00Z,29.1,15.0,204.0,8.1,5.6,61.0
2026-08-12T11:00:00Z,30.5,15.7,220.0,8.5,6.0,55.0
2026-08-12T12:00:00Z,37.7,16.5,237.0,9.2,5.7,50.0
2026-08-12T13:00:00Z,34.3,15.6,262.0,9.7,5.8,46.0
2026-08-12T14:00:00Z,32.8,15.6,288.0,10.4,5.9,41.0
2026-08-12T15:00:00Z,33.3,16.0,296.0,10.7,6.0,37.0
2026-08-12T16:00:00Z,33.8,16.1,273.0,10.3,6.0,36.0
2026-08-12T17:00:00Z,33.5,16.1,233.0,9.6,6.0,37.0
2026-08-12T18:00:00Z,34.1,16.1,195.0,8.7,5.9,38.0
2026-08-12T19:00:00Z,32.6,15.1,165.0,7.6,5.5,39.0
2026-08-12T20:00:00Z,31.1,14.3,138.0,6.4,5.0,40.0
2026-08-12T21:00:00Z,33.6,14.6,119.0,5.4,4.6,41.0
2026-08-12T22:00:00Z,30.0,13.4,105.0,4.7,4.2,42.0
2026-08-12T23:00:00Z,27.4,12.5,100.0,4.3,3.8,42.0
2026-08-13T00:00:00Z,26.2,12.0,113.0,4.5,3.9,42.0
2026-08-13T01:00:00Z,31.5,13.5,164.0,6.1,4.6,41.0
2026-08-13T02:00:00Z,33.8,14.8,234.0,8.3,5.5,39.0
2026-08-13T03:00:00Z,36.4,16.1,278.0,9.7,6.2,40.0
2026-08-13T04:00:00Z,38.6,16.9,272.0,9.6,6.7,45.0
2026-08-13T05:00:00Z,41.4,18.7,240.0,8.6,6.9,51.0
2026-08-13T06:00:00Z,41.2,18.5,208.0,7.6,7.0,58.0
2026-08-13T07:00:00Z,42.4,18.9,182.0,6.4,6.7,66.0
2026-08-13T08:00:00Z,39.6,18.6,156.0,5.2,6.1,73.0
2026-08-13T09:00:00Z,34.3,17.2,144.0,5.0,5.7,76.0
2026-08-13T10:00:00Z,30.7,15.8,156.0,7.0,5.8,70.0
2026-08-13T11:00:00Z,30.9,15.9,181.0,10.1,6.1,58.0
2026-08-13T12:00:00Z,38.3,16.5,202.0,8.3,4.3,43.0
2026-08-13T13:00:00Z,43.9,17.9,215.0,8.3,4.5,43.0
2026-08-13T14:00:00Z,44.7,18.4,224.0,8.2,4.7,42.0
2026-08-13T15:00:00Z,44.7,18.5,226.0,8.0,4.8,42.0
2026-08-13T16:00:00Z,41.8,17.6,219.0,7.7,4.8,42.0
2026-08-13T17:00:00Z,41.4,17.9,206.0,7.3,4.6,42.0
2026-08-13T18:00:00Z,40.0,17.3,189.0,6.7,4.4,42.0
2026-08-13T19:00:00Z,40.3,16.8,165.0,5.8,4.0,43.0
2026-08-13T20:00:00Z,39.0,16.2,137.0,4.7,3.6,43.0
2026-08-13T21:00:00Z,35.9,15.4,118.0,3.9,3.3,44.0
2026-08-13T22:00:00Z,36.0,15.3,109.0,3.6,3.2,44.0
2026-08-13T23:00:00Z,34.2,14.6,108.0,3.7,3.4,44.0
2026-08-14T00:00:00Z,33.9,14.2,125.0,4.0,3.1,45.0
2026-08-14T01:00:00Z,36.2,15.0,178.0,6.0,4.2,44.0
2026-08-14T02:00:00Z,36.1,15.7,248.0,8.6,5.6,42.0
2026-08-14T03:00:00Z,38.4,17.4,285.0,10.0,6.7,45.0
2026-08-14T04:00:00Z,38.9,18.2,258.0,8.7,7.0,57.0
2026-08-14T05:00:00Z,38.3,18.1,199.0,6.2,6.9,73.0
2026-08-14T06:00:00Z,38.6,17.9,154.0,4.4,6.8,84.0
2026-08-14T07:00:00Z,43.7,20.3,140.0,4.2,6.9,87.0
2026-08-14T08:00:00Z,42.8,20.9,140.0,4.8,6.9,84.0
2026-08-14T09:00:00Z,40.7,19.8,151.0,5.5,6.7,80.0
2026-08-14T10:00:00Z,37.1,17.3,180.0,6.1,6.0,73.0
2026-08-14T11:00:00Z,34.3,16.4,221.0,6.8,5.0,64.0
2026-08-14T12:00:00Z,35.5,16.2,252.0,7.4,4.4,56.0
2026-08-14T13:00:00Z,31.2,14.8,265.0,7.9,4.4,51.0
2026-08-14T14:00:00Z,28.3,13.6,268.0,8.4,4.7,48.0
2026-08-14T15:00:00Z,28.8,13.7,260.0,8.5,4.9,45.0
2026-08-14T16:00:00Z,28.5,14.1,235.0,8.2,5.0,44.0
2026-08-14T17:00:00Z,34.1,15.2,199.0,7.7,5.0,43.0
2026-08-14T18:00:00Z,28.9,13.9,166.0,7.0,4.8,43.0
2026-08-14T19:00:00Z,30.5,13.8,141.0,6.0,4.3,43.0
2026-08-14T20:00:00Z,27.1,12.7,120.0,4.9,3.7,44.0
2026-08-14T21:00:00Z,25.3,11.9,107.0,4.1,3.3,45.0
2026-08-14T22:00:00Z,22.7,11.3,100.0,3.9,3.3,45.0
2026-08-14T23:00:00Z,26.9,12.1,102.0,4.0,3.5,44.0
2026-08-15T00:00:00Z,27.2,12.1,126.0,4.5,3.8,44.0
2026-08-15T01:00:00Z,25.2,11.8,202.0,5.8,4.3,43.0
2026-08-15T02:00:00Z,28.1,12.9,300.0,7.5,4.8,42.0
2026-08-15T03:00:00Z,28.4,13.7,351.0,8.3,5.3,44.0
2026-08-15T04:00:00Z,30.0,13.6,308.0,7.5,5.6,52.0
2026-08-15T05:00:00Z,33.6,15.2,217.0,5.9,5.7,64.0
2026-08-15T06:00:00Z,36.1,16.2,149.0,4.7,5.9,72.0
2026-08-15T07:00:00Z,34.3,16.4,133.0,4.5,6.1,75.0
2026-08-15T08:00:00Z,32.5,16.5,139.0,4.8,6.3,76.0
2026-08-15T09:00:00Z,31.0,16.1,149.0,5.3,6.3,74.0
2026-08-15T10:00:00Z,28.8,15.4,159.0,6.0,6.1,68.0
2026-08-15T11:00:00Z,26.7,14.2,173.0,6.9,5.7,60.0
2026-08-15T12:00:00Z,26.5,13.7,187.0,7.6,5.4,53.0
2026-08-15T13:00:00Z,26.3,13.5,201.0,8.1,5.3,49.0
2026-08-15T14:00:00Z,25.0,13.2,214.0,8.4,5.2,47.0
2026-08-15T15:00:00Z,24.9,12.5,219.0,8.4,5.1,46.0
2026-08-15T16:00:00Z,24.7,12.5,211.0,7.9,4.9,46.0
2026-08-15T17:00:00Z,23.8,12.2,195.0,7.2,4.6,46.0
2026-08-15T18:00:00Z,24.0,12.0,176.0,6.3,4.3,47.0
2026-08-15T19:00:00Z,23.1,11.4,154.0,5.4,3.8,48.0
2026-08-15T20:00:00Z,24.1,11.4,129.0,4.3,3.3,48.0
2026-08-15T21:00:00Z,23.7,11.3,113.0,3.6,2.9,49.0
2026-08-15T22:00:00Z,24.5,11.6,110.0,3.1,2.7,50.0
2026-08-15T23:00:00Z,25.7,12.1,115.0,2.9,2.6,50.0
2026-08-16T00:00:00Z,26.3,12.5,124.0,3.3,2.8,50.0
2026-08-16T01:00:00Z,27.8,12.6,138.0,4.7,3.4,49.0
2026-08-16T02:00:00Z,29.5,13.4,155.0,6.7,4.3,47.0
2026-08-16T03:00:00Z,31.0,14.6,165.0,7.9,5.0,47.0
2026-08-16T04:00:00Z,31.8,15.0,158.0,7.7,5.3,48.0
2026-08-16T05:00:00Z,33.1,15.7,144.0,6.7,5.4,51.0
2026-08-16T06:00:00Z,33.4,15.8,137.0,5.8,5.4,53.0
2026-08-16T07:00:00Z,33.9,15.9,148.0,5.1,5.1,55.0
2026-08-16T08:00:00Z,33.6,15.5,166.0,4.5,4.6,56.0
2026-08-16T09:00:00Z,32.5,14.7,180.0,4.4,4.3,57.0
2026-08-16T10:00:00Z,31.1,14.5,183.0,5.4,4.3,56.0
2026-08-16T11:00:00Z,29.8,13.9,181.0,6.9,4.4,53.0
2026-08-16T12:00:00Z,24.2,12.7,178.0,8.0,4.6,51.0
2026-08-16T13:00:00Z,23.9,12.6,177.0,8.1,4.9,51.0
2026-08-16T14:00:00Z,23.9,12.5,175.0,7.7,5.2,51.0
2026-08-16T15:00:00Z,24.0,12.7,169.0,7.1,5.3,51.0
2026-08-16T16:00:00Z,24.6,12.4,156.0,6.3,5.0,51.0
2026-08-16T17:00:00Z,25.5,12.5,140.0,5.4,4.4,51.0
2026-08-16T18:00:00Z,22.6,11.7,125.0,4.6,3.9,51.0
2026-08-16T19:00:00Z,22.3,11.6,114.0,4.0,3.4,51.0
2026-08-16T20:00:00Z,22.5,11.5,105.0,3.5,2.9,50.0
2026-08-16T21:00:00Z,25.9,11.8,99.0,3.2,2.6,50.0
2026-08-16T22:00:00Z,22.9,11.1,94.0,3.0,2.5,49.0
2026-08-16T23:00:00Z,33.2,12.5,91.0,2.9,2.6,49.0
2026-08-17T00:00:00Z,26.1,11.5,103.0,3.5,3.1,48.0
2026-08-17T01:00:00Z,26.1,11.7,144.0,5.3,4.1,46.0
2026-08-17T02:00:00Z,29.1,13.2,198.0,7.6,5.5,44.0
2026-08-17T03:00:00Z,29.5,14.6,230.0,9.1,6.6,44.0
2026-08-17T04:00:00Z,29.2,15.3,213.0,8.8,7.1,48.0
2026-08-17T05:00:00Z,27.6,15.2,173.0,7.7,7.4,54.0
2026-08-17T06:00:00Z,28.8,14.8,151.0,6.7,7.4,58.0
2026-08-17T07:00:00Z,28.6,15.0,172.0,6.1,7.1,60.0
2026-08-17T08:00:00Z,33.2,15.7,211.0,5.7,6.6,61.0
2026-08-17T09:00:00Z,27.2,14.3,239.0,5.8,6.2,60.0
2026-08-17T10:00:00Z,25.8,14.1,242.0,7.0,6.1,57.0
2026-08-17T11:00:00Z,31.4,15.1,234.0,8.7,6.2,52.0
2026-08-17T12:00:00Z,27.6,14.4,225.0,9.8,6.2,48.0
2026-08-17T13:00:00Z,23.6,12.8,218.0,9.5,5.9,45.0
2026-08-17T14:00:00Z,22.6,12.5,210.0,8.6,5.5,43.0
2026-08-17T15:00:00Z,23.2,12.8,200.0,7.8,5.2,41.0
2026-08-17T16:00:00Z,21.7,12.2,186.0,7.4,5.1,40.0
2026-08-17T17:00:00Z,21.4,11.8,169.0,7.2,5.0,40.0
2026-08-17T18:00:00Z,20.5,11.3,153.0,6.7,4.8,40.0
2026-08-17T19:00:00Z,21.4,11.0,136.0,5.6,4.2,40.0
2026-08-17T20:00:00Z,21.2,10.5,120.0,4.3,3.4,40.0
2026-08-17T21:00:00Z,20.3,10.0,109.0,3.4,2.9,40.0
2026-08-17T22:00:00Z,21.5,10.1,102.0,3.1,2.8,40.0
2026-08-17T23:00:00Z,20.8,9.9,100.0,3.2,2.9,39.0
2026-08-18T00:00:00Z,20.7,10.1,113.0,3.9,3.3,38.0
2026-08-18T01:00:00Z,22.9,10.7,154.0,5.7,4.0,36.0
2026-08-18T02:00:00Z,20.8,10.8,210.0,8.0,4.8,34.0
2026-08-18T03:00:00Z,21.8,12.0,247.0,9.4,5.6,34.0
2026-08-18T04:00:00Z,22.9,13.4,247.0,8.8,6.2,40.0
2026-08-18T05:00:00Z,23.9,14.1,228.0,7.3,6.7,48.0
2026-08-18T06:00:00Z,23.6,14.3,209.0,6.1,6.9,54.0
2026-08-18T07:00:00Z,24.6,13.9,192.0,5.8,6.7,57.0
2026-08-18T08:00:00Z,23.3,13.0,176.0,5.8,6.3,57.0
2026-08-18T09:00:00Z,22.5,13.4,172.0,5.9,5.9,56.0
2026-08-18T10:00:00Z,22.3,13.0,193.0,5.9,5.4,52.0
2026-08-18T11:00:00Z,21.2,11.5,228.0,6.0,4.9,47.0
2026-08-18T12:00:00Z,21.7,11.7,251.0,6.4,4.6,42.0
2026-08-18T13:00:00Z,21.4,11.9,252.0,7.5,4.9,38.0
2026-08-18T14:00:00Z,22.2,12.3,243.0,8.8,5.5,34.0
2026-08-18T15:00:00Z,21.3,12.3,230.0,9.5,5.8,32.0
2026-08-18T16:00:00Z,21.0,12.1,217.0,8.9,5.5,32.0
2026-08-18T17:00:00Z,22.5,12.2,200.0,7.6,5.0,33.0
2026-08-18T18:00:00Z,21.7,11.5,182.0,6.4,4.4,34.0
2026-08-18T19:00:00Z,21.0,11.0,159.0,5.4,3.9,34.0
2026-08-18T20:00:00Z,20.2,10.3,134.0,4.5,3.4,35.0
2026-08-18T21:00:00Z,21.6,10.7,116.0,3.8,3.0,35.0
2026-08-18T22:00:00Z,21.0,10.2,110.0,3.5,2.8,35.0
2026-08-18T23:00:00Z,21.4,10.2,112.0,3.4,2.7,35.0
